Leg,Cycle,IC_Index,FO_Index,IC_Time,FO_Time
L,1,10690,10815,53.45,54.075
L,2,10905,11023,54.525,55.115
L,3,12835,12937,64.175,64.685
L,4,13037,13143,65.185,65.715
L,5,13259,13354,66.295,66.77
L,6,13468,13566,67.34,67.83
L,7,13676,13778,68.38,68.89
L,8,13897,13995,69.485,69.97500000000001
L,9,14108,14204,70.54,71.02
L,10,14317,14411,71.58500000000001,72.055
L,11,14522,14622,72.61,73.11
L,12,14735,14834,73.675,74.17
L,13,14960,15051,74.8,75.255
L,14,15162,15259,75.81,76.295
L,15,15374,15471,76.87,77.355
L,16,15590,15685,77.95,78.425
L,17,15787,15898,78.935,79.49
L,18,16013,16112,80.065,80.56
L,19,16234,16332,81.17,81.66
L,20,16438,16558,82.19,82.79
L,21,16666,18202,83.33,91.01
L,22,18300,18415,91.5,92.075
L,23,18517,18634,92.58500000000001,93.17
L,24,18752,18845,93.76,94.22500000000001
L,25,18963,19061,94.815,95.305
L,26,19182,19282,95.91,96.41
L,27,19403,19499,97.015,97.495
L,28,19610,19712,98.05,98.56
L,29,19825,19922,99.125,99.61
L,30,20035,20137,100.175,100.685
L,31,20259,20358,101.295,101.79
L,32,20477,20577,102.385,102.885
L,33,20696,20795,103.48,103.97500000000001
L,34,20910,21008,104.55,105.04
L,35,21128,21232,105.64,106.16
L,36,21335,21451,106.675,107.255
L,37,21557,21683,107.785,108.415
L,38,21794,23176,108.97,115.88
L,39,23305,23410,116.525,117.05
L,40,23527,23656,117.635,118.28
L,41,23764,23885,118.82000000000001,119.425
L,42,24009,24101,120.045,120.505
L,43,24212,24323,121.06,121.61500000000001
L,44,24449,24551,122.245,122.755
L,45,24652,24768,123.26,123.84
L,46,24872,24988,124.36,124.94
L,47,25098,25222,125.49000000000001,126.11
L,48,25343,25442,126.715,127.21000000000001
L,49,25554,25671,127.77,128.355
L,50,25794,25898,128.97,129.49
L,51,26013,26139,130.065,130.695
L,52,26259,26365,131.29500000000002,131.825
L,53,26475,26594,132.375,132.97
L,54,26719,26833,133.595,134.165
L,55,26956,28355,134.78,141.775
L,56,28465,28588,142.32500000000002,142.94
L,57,28710,28811,143.55,144.055
L,58,28921,29037,144.605,145.185
L,59,29165,29263,145.82500000000002,146.315
L,60,29373,29502,146.865,147.51
L,61,29612,29739,148.06,148.695
L,62,29857,29955,149.285,149.775
L,63,30078,30185,150.39000000000001,150.925
L,64,30298,30407,151.49,152.035
L,65,30525,30633,152.625,153.165
L,66,30713,30828,153.565,154.14000000000001
L,67,30903,30988,154.51500000000001,154.94
L,68,31047,31306,155.235,156.53
L,69,31391,31501,156.955,157.505
L,70,31618,31724,158.09,158.62
L,71,31840,31947,159.20000000000002,159.735
L,72,32056,32201,160.28,161.005
L,73,32337,33423,161.685,167.115
L,74,33541,33656,167.705,168.28
L,75,33751,40794,168.755,203.97
R,1,3688,3873,18.44,19.365000000000002
R,2,10577,10715,52.885,53.575
R,3,10797,10929,53.985,54.645
R,4,11004,12632,55.02,63.160000000000004
R,5,12710,12851,63.550000000000004,64.255
R,6,12923,13063,64.615,65.315
R,7,13146,13272,65.73,66.36
R,8,13352,13474,66.76,67.37
R,9,13565,13678,67.825,68.39
R,10,13758,13901,68.79,69.505
R,11,13977,14111,69.885,70.555
R,12,14189,14321,70.94500000000001,71.605
R,13,14397,14524,71.985,72.62
R,14,14606,14741,73.03,73.705
R,15,14818,14965,74.09,74.825
R,16,15037,15169,75.185,75.845
R,17,15245,15383,76.22500000000001,76.915
R,18,15459,15599,77.295,77.995
R,19,15685,15814,78.425,79.07000000000001
R,20,15898,16015,79.49,80.075
R,21,16097,16239,80.485,81.19500000000001
R,22,16332,16462,81.66,82.31
R,23,16555,16692,82.775,83.46000000000001
R,24,16789,16982,83.94500000000001,84.91
R,25,17043,18119,85.215,90.595
R,26,18202,18323,91.01,91.615
R,27,18402,18541,92.01,92.705
R,28,18618,18760,93.09,93.8
R,29,18846,18970,94.23,94.85000000000001
R,30,19050,19191,95.25,95.955
R,31,19267,19406,96.33500000000001,97.03
R,32,19484,19618,97.42,98.09
R,33,19696,19834,98.48,99.17
R,34,19911,20043,99.555,100.215
R,35,20136,20267,100.68,101.33500000000001
R,36,20359,20486,101.795,102.43
R,37,20564,20698,102.82000000000001,103.49000000000001
R,38,20792,20917,103.96000000000001,104.58500000000001
R,39,20995,21136,104.97500000000001,105.68
R,40,21217,21363,106.08500000000001,106.815
R,41,21438,21579,107.19,107.895
R,42,21664,21818,108.32000000000001,109.09
R,43,21910,22093,109.55,110.465
R,44,22163,23077,110.815,115.385
R,45,23153,23321,115.765,116.605
R,46,23396,23553,116.98,117.765
R,47,23634,23792,118.17,118.96000000000001
R,48,23868,24016,119.34,120.08
R,49,24103,24231,120.515,121.155
R,50,24313,24451,121.565,122.255
R,51,24547,24676,122.735,123.38000000000001
R,52,24755,24889,123.775,124.44500000000001
R,53,24976,25121,124.88000000000001,125.605
R,54,25205,25352,126.025,126.76
R,55,25432,25578,127.16,127.89
R,56,25658,25799,128.29,128.995
R,57,25884,26031,129.42000000000002,130.155
R,58,26118,26263,130.59,131.315
R,59,26349,26503,131.745,132.51500000000001
R,60,26581,26732,132.905,133.66
R,61,26817,26966,134.085,134.83
R,62,27061,28263,135.305,141.315
R,63,28343,28488,141.715,142.44
R,64,28570,28711,142.85,143.555
R,65,28797,28945,143.985,144.725
R,66,29023,29178,145.115,145.89000000000001
R,67,29253,29400,146.26500000000001,147.0
R,68,29484,29629,147.42000000000002,148.145
R,69,29718,29867,148.59,149.335
R,70,29958,30085,149.79,150.425
R,71,30168,30304,150.84,151.52
R,72,30390,30534,151.95000000000002,152.67000000000002
R,73,30618,30757,153.09,153.785
R,74,30827,30898,154.135,154.49
R,75,30985,31410,154.925,157.05
R,76,31487,31632,157.435,158.16
R,77,31709,31849,158.54500000000002,159.245
R,78,31934,32072,159.67000000000002,160.36
R,79,32167,33327,160.835,166.635
R,80,33416,33548,167.08,167.74
R,81,33642,33772,168.21,168.86
R,82,33852,34611,169.26,173.055
R,83,35061,35120,175.305,175.6
R,84,35244,35453,176.22,177.26500000000001
R,85,35558,35600,177.79,178.0
R,86,36065,36221,180.32500000000002,181.105
R,87,37620,41101,188.1,205.505
